{
	"info": {
		"_postman_id": "cd958b76-189d-4ea2-90e0-1b1db6609fa8",
		"name": "API CHAINING",
		"schema": "https://schema.getpostman.com/json/collection/v2.1.0/collection.json"
	},
	"item": [
		{
			"name": "GetUser",
			"event": [
				{
					"listen": "test",
					"script": {
						"id": "cb9f83e8-a2f6-4814-a422-6ef7c14e7cb6",
						"exec": [
							"BodyData=JSON.parse(responseBody)",
							"value=BodyData.data[1].first_name",
							"console.log(value)",
							"pm.environment.set(\"{{UserName}}\", value);",
							""
						],
						"type": "text/javascript"
					}
				}
			],
			"request": {
				"method": "GET",
				"header": [],
				"body": {
					"mode": "raw",
					"raw": ""
				},
				"url": {
					"raw": "https://reqres.in/api/users?page=2",
					"protocol": "https",
					"host": [
						"reqres",
						"in"
					],
					"path": [
						"api",
						"users"
					],
					"query": [
						{
							"key": "page",
							"value": "2"
						}
					]
				}
			},
			"response": []
		},
		{
			"name": "UpdateUser",
			"request": {
				"method": "PUT",
				"header": [
					{
						"key": "Content-Type",
						"name": "Content-Type",
						"value": "application/json",
						"type": "text"
					}
				],
				"body": {
					"mode": "raw",
					"raw": "{\r\n    \"name\": \"{{UserName}}\",\r\n    \"job\": \"zion resident\"\r\n}"
				},
				"url": {
					"raw": "https://reqres.in/api/users/2",
					"protocol": "https",
					"host": [
						"reqres",
						"in"
					],
					"path": [
						"api",
						"users",
						"2"
					]
				}
			},
			"response": []
		}
	]
}