{
	"info": {
		"_postman_id": "ceddb45f-0f25-4318-a96e-bbeab1a8bd85",
		"name": "SOAP",
		"schema": "https://schema.getpostman.com/json/collection/v2.1.0/collection.json"
	},
	"item": [
		{
			"name": "SOAP_Post",
			"event": [
				{
					"listen": "test",
					"script": {
						"id": "3c1a0f50-2c1c-4540-b280-9214b2fd7946",
						"exec": [
							"pm.test(\"Status code is 200\", function () {",
							"    pm.response.to.have.status(200);",
							"});",
							"pm.test(\"Body matches string\", function () {",
							"    pm.expect(pm.response.text()).to.include(\"India\");",
							"});",
							"console.log(pm.response);"
						],
						"type": "text/javascript"
					}
				},
				{
					"listen": "prerequest",
					"script": {
						"id": "56168f9d-7575-4df6-862c-492195ddb8b1",
						"exec": [
							""
						],
						"type": "text/javascript"
					}
				}
			],
			"request": {
				"method": "POST",
				"header": [
					{
						"key": "Content-Type",
						"name": "Content-Type",
						"value": "text/xml",
						"type": "text"
					}
				],
				"body": {
					"mode": "raw",
					"raw": "<Envelope xmlns=\"http://schemas.xmlsoap.org/soap/envelope/\">\n    <Body>\n        <CountryName xmlns=\"http://www.oorsprong.org/websamples.countryinfo\">\n            <sCountryISOCode>IN</sCountryISOCode>\n        </CountryName>\n    </Body>\n</Envelope>"
				},
				"url": {
					"raw": "http://www.oorsprong.org/websamples.countryinfo/CountryInfoService.wso?WSDL",
					"protocol": "http",
					"host": [
						"www",
						"oorsprong",
						"org"
					],
					"path": [
						"websamples.countryinfo",
						"CountryInfoService.wso"
					],
					"query": [
						{
							"key": "WSDL",
							"value": null
						}
					]
				}
			},
			"response": []
		}
	]
}