{
	"info": {
		"_postman_id": "5e28ef1d-4ea9-4c84-8345-fc3f992290db",
		"name": "TestDataUpload",
		"schema": "https://schema.getpostman.com/json/collection/v2.1.0/collection.json"
	},
	"item": [
		{
			"name": "GetData",
			"event": [
				{
					"listen": "test",
					"script": {
						"id": "80a87e38-6645-4d1d-8405-1bd7456dfea1",
						"exec": [
							"pm.test(\"Body matches string\", function () {",
							"    pm.expect(pm.response.text()).to.include(\"id\");",
							"});",
							"pm.test(\"Status code is 201\", function () {",
							"    pm.response.to.have.status(201);",
							"});",
							"console.log(pm.variables.get(\"Email\"));",
							"tests[\"validate Response Body has Email\"] = pm.expect(pm.response.text()).to.include(pm.variables.get(\"Email\"));",
							"tests[\"validate Response Body has Password\"] = pm.expect(pm.response.text()).to.include(pm.variables.get(\"Password\"));",
							""
						],
						"type": "text/javascript"
					}
				}
			],
			"request": {
				"method": "POST",
				"header": [
					{
						"key": "Content-Type",
						"name": "Content-Type",
						"value": "application/json",
						"type": "text"
					}
				],
				"body": {
					"mode": "raw",
					"raw": "{\r\n    \"email\": \"{{Email}}\",\r\n    \"password\": \"{{Password}}\"\r\n}"
				},
				"url": {
					"raw": "{{url}}/api/register/preprod",
					"host": [
						"{{url}}"
					],
					"path": [
						"api",
						"register",
						"preprod"
					]
				}
			},
			"response": []
		}
	],
	"event": [
		{
			"listen": "prerequest",
			"script": {
				"id": "6c9a4f91-9228-4305-add6-34978913edf4",
				"type": "text/javascript",
				"exec": [
					""
				]
			}
		},
		{
			"listen": "test",
			"script": {
				"id": "cd441d92-d849-493b-aab0-de05a6fc7c99",
				"type": "text/javascript",
				"exec": [
					""
				]
			}
		}
	],
	"variable": [
		{
			"id": "f4ba4d8d-c59f-43fd-9b18-6665624a0921",
			"key": "PostUrl",
			"value": "https://reqres.in",
			"type": "string"
		},
		{
			"id": "f25425f2-1591-4bf0-9bc2-81f30d4cfba7",
			"key": "Email",
			"value": "sydney@fife",
			"type": "string"
		},
		{
			"id": "fab97a9b-2adf-4872-be1f-814c2491bec4",
			"key": "url",
			"value": "https://reqres.in",
			"type": "string"
		},
		{
			"id": "8136bdec-1c53-4a17-9657-41268113aab0",
			"key": "Password",
			"value": "pistol",
			"type": "string"
		}
	]
}