{
	"info": {
		"_postman_id": "6425ea30-b0cb-b691-3f44-4191eddc1c1c",
		"name": "TutorialPostman copy",
		"schema": "https://schema.getpostman.com/json/collection/v2.1.0/collection.json"
	},
	"item": [
		{
			"name": "GETRequests",
			"item": [
				{
					"name": "SingleUser",
					"event": [
						{
							"listen": "test",
							"script": {
								"id": "d8f4058f-bc00-4389-bde1-26071d362491",
								"exec": [
									"tests[\"Status code is 200\"] = responseCode.code === 200;",
									"pm.test(\"Response time is less than 200ms\", function () {",
									"    pm.expect(pm.response.responseTime).to.be.below(600);",
									"});"
								],
								"type": "text/javascript"
							}
						},
						{
							"listen": "prerequest",
							"script": {
								"id": "70fd315f-b86d-4a8a-b450-76e88a055210",
								"exec": [
									"console.log(\"About to Start Script\")"
								],
								"type": "text/javascript"
							}
						}
					],
					"request": {
						"method": "GET",
						"header": [
							{
								"key": "url",
								"value": "https://reqres.in",
								"disabled": true
							}
						],
						"body": {
							"mode": "raw",
							"raw": ""
						},
						"url": {
							"raw": "{{url}}/api/user/2",
							"host": [
								"{{url}}"
							],
							"path": [
								"api",
								"user",
								"2"
							]
						}
					},
					"response": []
				},
				{
					"name": "ListUser",
					"event": [
						{
							"listen": "test",
							"script": {
								"type": "text/javascript",
								"exec": [
									"tests[\"Status code is 200\"] = responseCode.code === 200;"
								]
							}
						}
					],
					"request": {
						"method": "GET",
						"header": [],
						"body": {
							"mode": "raw",
							"raw": ""
						},
						"url": {
							"raw": "https://reqres.in/api/users?page=2",
							"protocol": "https",
							"host": [
								"reqres",
								"in"
							],
							"path": [
								"api",
								"users"
							],
							"query": [
								{
									"key": "page",
									"value": "2"
								}
							]
						}
					},
					"response": []
				}
			]
		},
		{
			"name": "PostRequest",
			"item": [
				{
					"name": "Register",
					"event": [
						{
							"listen": "test",
							"script": {
								"id": "bc2db217-d229-41f8-bf99-22993e8d605c",
								"exec": [
									"pm.test(\"Body matches string\", function () {",
									"    pm.expect(pm.response.text()).to.include(\"id\");",
									"});",
									"pm.test(\"Status code is 201\", function () {",
									"    pm.response.to.have.status(201);",
									"});",
									"tests[\"validate Body has Email\"] =responseBody.has(data.Email);",
									"tests[\"validate Body has Email\"] =responseBody.has(data.Password);",
									""
								],
								"type": "text/javascript"
							}
						}
					],
					"request": {
						"method": "POST",
						"header": [
							{
								"key": "Content-Type",
								"name": "Content-Type",
								"value": "application/json",
								"type": "text"
							}
						],
						"body": {
							"mode": "raw",
							"raw": "{\r\n    \"email\": \"{{Email}}\",\r\n    \"password\": \"{{Password}}\"\r\n}"
						},
						"url": {
							"raw": "{{PostUrl}}/api/register/preprod",
							"host": [
								"{{PostUrl}}"
							],
							"path": [
								"api",
								"register",
								"preprod"
							]
						}
					},
					"response": []
				}
			]
		}
	],
	"event": [
		{
			"listen": "prerequest",
			"script": {
				"id": "54fc6133-85e1-4a3f-a296-dc6226a0ce3e",
				"type": "text/javascript",
				"exec": [
					""
				]
			}
		},
		{
			"listen": "test",
			"script": {
				"id": "183a0613-e058-45e4-a2af-ac5609c430ea",
				"type": "text/javascript",
				"exec": [
					""
				]
			}
		}
	],
	"variable": [
		{
			"id": "36d12fc1-e1d8-43d2-8625-e476f4d35c34",
			"key": "url",
			"value": "https://reqres.in",
			"type": "string"
		},
		{
			"id": "8318b6d2-2e33-481b-bd38-2f5c725ff786",
			"key": "PostUrl",
			"value": "https://reqres.in",
			"type": "string"
		},
		{
			"id": "009ed126-1d63-4567-ae7b-40afea9c42e6",
			"key": "Email",
			"value": "sydney@fife",
			"type": "string"
		},
		{
			"id": "847704f1-d6eb-4216-b440-f6260ea78e09",
			"key": "Password",
			"value": "pistol",
			"type": "string"
		}
	]
}